dataset,feature,mean,std,min,max
diabetes_012,Age_x_HighBP,3.966473509933775,4.870204939529763,0.0,13.0
diabetes_012,BMI_x_PhysActivity,21.054738252917062,13.095262243038263,0.0,98.0
diabetes_012,HealthBurden_Index,9.938245033112583,13.868935157453592,1.0,65.0
diabetes_binary_5050,Age_x_HighBP,5.315056866406382,4.997107781961595,0.0,13.0
diabetes_binary_5050,BMI_x_PhysActivity,20.434900695976914,14.372674931364505,0.0,98.0
diabetes_binary_5050,HealthBurden_Index,12.399536015390709,15.796417532932162,1.0,65.0
diabetes_binary_full,Age_x_HighBP,3.966473509933775,4.870204939529763,0.0,13.0
diabetes_binary_full,BMI_x_PhysActivity,21.054738252917062,13.095262243038263,0.0,98.0
diabetes_binary_full,HealthBurden_Index,9.938245033112583,13.868935157453592,1.0,65.0
