age,daily_steps,sleep_hours,water_intake_l,calories_consumed,alcohol,resting_hr,cholesterol,family_history,disease_risk,gender
60.6905311778291,9349.752886836028,7.051732101616628,3.4083140877598153,2593.9260969976904,0.03233256351039261,63.57505773672055,206.00230946882218,1.0,1.0,Male
54.9895178197065,14660.188679245282,7.750524109014675,2.2345911949685537,3132.0964360587004,0.018867924528301886,75.75262054507337,225.29769392033543,0.014675052410901468,0.016771488469601678,Female
65.39319470699432,13643.115311909263,5.476748582230623,2.227977315689981,3105.2325141776937,0.017013232514177693,63.79773156899811,191.5406427221172,0.020793950850661626,0.011342155009451797,Male
40.83853211009174,15044.350458715597,6.538899082568807,2.063853211009174,2251.119266055046,0.025688073394495414,75.35045871559633,254.35412844036696,0.9963302752293578,0.001834862385321101,Male
31.918067226890756,14795.018907563026,7.771428571428571,1.6909663865546218,3300.1029411764707,0.012605042016806723,63.40126050420168,242.4096638655462,0.018907563025210083,0.012605042016806723,Male
62.134020618556704,12028.344329896907,8.010309278350515,3.44659793814433,2016.4164948453608,0.9938144329896907,61.99175257731959,232.30927835051546,0.07216494845360824,0.0288659793814433,Male
55.9,12237.419607843138,7.133921568627452,2.6656862745098038,2991.6960784313724,0.00392156862745098,86.19019607843137,253.43333333333334,0.021568627450980392,1.0,Female
61.839527027027025,5888.935810810811,5.084628378378378,2.327195945945946,2908.3597972972975,0.02027027027027027,73.4375,192.8310810810811,0.0033783783783783786,0.005067567567567568,Male
38.7887323943662,6184.941649899396,7.94748490945674,1.7678068410462777,2228.843058350101,0.01609657947686117,63.70221327967807,205.89134808853117,0.0,0.004024144869215292,Female
35.61524822695036,13935.521276595744,5.733865248226951,3.379432624113475,3014.0478723404253,1.0,79.61702127659575,235.7340425531915,1.0,0.010638297872340425,Female
61.413306451612904,8022.9375,4.660282258064516,2.91875,3180.828629032258,0.02620967741935484,67.83064516129032,256.3931451612903,0.008064516129032258,1.0,Female
57.136936936936934,14580.41981981982,7.089189189189189,3.6855855855855855,2844.169369369369,0.04864864864864865,62.54414414414414,197.5873873873874,0.9963963963963964,0.0018018018018018018,Male
34.663498098859314,15398.851711026617,7.692585551330799,2.2866920152091255,1979.726235741445,0.03612167300380228,84.58365019011407,242.52661596958174,0.019011406844106463,0.009505703422053232,Female
62.265342960288805,5793.474729241877,5.970938628158845,1.9034296028880866,2711.873646209386,0.039711191335740074,64.10649819494584,247.0812274368231,0.009025270758122744,0.007220216606498195,Male
43.483539094650205,6290.728395061728,7.51358024691358,3.0913580246913583,3201.3312757201647,1.0,82.93415637860082,224.8724279835391,0.018518518518518517,0.0102880658436214,Female
34.41048034934498,6471.102620087337,7.873580786026201,3.716812227074236,3017.211790393013,0.002183406113537118,85.02401746724891,188.23362445414847,0.039301310043668124,0.024017467248908297,Female
56.043373493975906,10477.684337349398,8.227228915662652,2.4616867469879518,2486.7036144578315,0.06506024096385542,82.66746987951807,265.09156626506024,1.0,0.9855421686746988,Male
34.33404710920771,15004.798715203426,7.60813704496788,2.813276231263383,2258.0599571734474,0.0,67.70021413276231,263.47751605995717,0.014989293361884369,1.0,Female
48.42702702702703,10670.63063063063,7.93045045045045,2.0926126126126126,2886.4612612612614,0.0,69.23963963963963,232.84864864864866,1.0,0.0,Male
42.721804511278194,5300.4680451127815,5.088157894736843,3.2928571428571427,2307.31015037594,0.005639097744360902,81.49248120300751,200.73496240601503,0.9981203007518797,0.020676691729323307,Male
52.544378698224854,6899.161735700197,7.942603550295858,2.074753451676529,3207.3214990138067,1.0,82.70019723865877,189.54437869822485,0.02564102564102564,0.0,Male
55.6278659611993,7036.469135802469,6.481657848324515,1.6435626102292769,2801.342151675485,1.0,81.43386243386243,226.7495590828924,0.9982363315696648,0.005291005291005291,Female
60.65344467640919,6240.885177453027,7.549478079331942,3.487891440501044,1926.5594989561587,0.006263048016701462,76.79123173277662,224.01461377870564,0.027139874739039668,0.018789144050104383,Female
63.796747967479675,15351.388211382115,6.734146341463414,1.9619918699186991,3032.0752032520327,0.014227642276422764,64.73373983739837,199.89430894308944,0.0020325203252032522,0.0,Female
32.40588235294118,10689.211764705882,6.341176470588235,3.164705882352941,2933.0019607843137,1.0,70.43333333333334,248.10980392156864,0.041176470588235294,1.0,Male
62.03180212014134,15998.196113074206,4.593109540636042,3.102296819787986,2422.678445229682,0.012367491166077738,64.22968197879858,257.9010600706714,0.01060070671378092,0.0017667844522968198,Male
65.03474903474904,13943.183397683397,7.364092664092664,1.9984555984555985,2101.4054054054054,0.009652509652509652,73.00772200772201,254.6872586872587,0.025096525096525095,0.02895752895752896,Female
53.109756097560975,14044.336585365854,4.779512195121951,1.9078048780487806,2772.3536585365855,0.9975609756097561,83.35121951219512,236.79268292682926,0.0951219512195122,1.0,Female
60.465408805031444,7579.844863731656,7.222641509433962,3.5056603773584905,2218.85534591195,0.07547169811320754,82.19287211740041,239.36058700209642,0.029350104821802937,1.0,Male
52.19117647058823,9620.520220588236,7.804227941176471,3.4306985294117647,3087.604779411765,0.02389705882352941,84.3216911764706,259.80514705882354,0.9963235294117647,0.007352941176470588,Male
61.145719489981786,14787.253187613844,7.5877959927140255,2.365573770491803,3234.0528233151185,0.01639344262295082,87.16211293260474,251.37340619307832,0.018214936247723135,0.012750455373406194,Male
34.909287257019436,9673.838012958964,4.940604751619871,3.8719222462203025,3265.4924406047517,0.023758099352051837,65.46652267818574,192.20518358531316,0.03023758099352052,0.008639308855291577,Female
48.205414012738856,11033.632165605095,6.655254777070064,2.8506369426751594,2633.4633757961783,0.0,76.2452229299363,187.19426751592357,0.0,1.0,Female
62.12658227848101,9586.185654008439,5.139240506329114,2.420886075949367,1866.379746835443,0.04430379746835443,62.63291139240506,195.89240506329114,0.9810126582278481,0.006329113924050633,Female
37.5,6651.244939271255,7.692712550607287,3.433400809716599,2032.0465587044534,0.038461538461538464,66.43117408906883,259.7611336032389,0.004048582995951417,0.012145748987854251,Male
50.95444685466377,14124.7136659436,7.727982646420824,2.477440347071583,2062.531453362256,0.008676789587852495,74.34273318872017,191.33188720173536,0.019522776572668113,0.004338394793926247,Male
43.088235294117645,14163.364705882354,5.295686274509804,3.909607843137255,3334.5607843137254,0.00784313725490196,87.26666666666667,202.4078431372549,0.9980392156862745,0.049019607843137254,Female
37.402,8560.78,8.037,2.0582,2448.954,0.028,66.488,228.468,1.0,0.016,Female
36.102783725910065,6655.576017130621,6.398286937901499,1.634475374732334,3328.5117773019274,0.029978586723768737,64.70449678800857,262.97216274089936,0.010706638115631691,0.01284796573875803,Female
58.151685393258425,6869.846441947566,8.099063670411985,3.5840823970037454,3285.370786516854,0.013108614232209739,63.20786516853933,240.39700374531836,0.00749063670411985,0.028089887640449437,Male
37.57462686567164,12123.944029850747,7.831716417910448,2.611007462686567,3179.917910447761,0.024253731343283583,67.6231343283582,250.86940298507463,0.018656716417910446,0.011194029850746268,Female
39.12012987012987,6453.256493506494,6.536363636363636,3.513961038961039,3351.905844155844,1.0,69.52272727272727,245.27597402597402,0.07467532467532467,0.012987012987012988,Female
63.37310195227766,14449.839479392625,8.260303687635576,3.2375271149674623,1801.0780911062907,0.004338394793926247,65.61388286334056,252.9002169197397,0.028199566160520606,0.013015184381778741,Female
36.0406852248394,8371.394004282654,4.703640256959314,2.0974304068522485,2013.7044967880086,0.014989293361884369,65.59957173447538,247.82655246252676,0.05139186295503212,0.004282655246252677,Male
40.96638655462185,7788.970588235294,8.099159663865546,2.1029411764705883,2911.0063025210084,0.0273109243697479,62.86974789915966,241.3403361344538,0.03571428571428571,1.0,Male
36.14218009478673,10118.151658767772,4.9827014218009475,1.7424170616113743,2945.841232227488,0.03317535545023697,84.24407582938389,211.89336492890996,0.011848341232227487,1.0,Male
33.94331983805668,15439.657894736842,6.389878542510122,3.5846153846153843,2138.275303643725,1.0,71.73684210526316,197.81578947368422,0.004048582995951417,0.0,Female
37.56699029126214,13310.291262135923,8.124466019417476,3.2535922330097087,3174.034951456311,1.0,85.69708737864077,251.9495145631068,0.05436893203883495,0.011650485436893204,Male
36.22727272727273,14526.254545454545,5.073090909090909,2.639090909090909,3217.2254545454543,1.0,71.87636363636364,242.64727272727274,0.005454545454545455,0.007272727272727273,Female
49.47041847041847,10010.160173160173,6.243290043290044,2.798989898989899,2438.005772005772,1.0,77.77489177489177,219.59018759018758,1.0,1.0,Male
53.242798353909464,10027.084362139918,5.4679012345679014,3.511934156378601,2997.3106995884773,0.01440329218106996,82.99794238683127,203.74897119341563,0.006172839506172839,0.00411522633744856,Male
60.922105263157896,14775.492631578947,5.6968421052631575,2.8987368421052633,2641.4778947368422,0.031578947368421054,70.52631578947368,252.27789473684211,1.0,1.0,Female
59.774422735346356,6753.078152753108,4.951687388987567,1.9179396092362344,3211.3623445825933,0.019538188277087035,65.62877442273535,249.45115452930727,1.0,0.019538188277087035,Male
31.83509513742072,6635.190274841438,6.967441860465116,1.8515856236786468,2948.983086680761,0.9894291754756871,79.10993657505286,196.61945031712474,0.03805496828752643,0.010570824524312896,Female
63.340241796200345,10166.635578583766,6.321934369602763,1.5887737478411053,2910.2193436960274,0.010362694300518135,87.05181347150258,256.8445595854922,0.018998272884283247,0.0,Male
36.55888223552894,7350.4011976047905,7.939920159680639,1.8604790419161676,2265.9760479041915,0.02594810379241517,62.1437125748503,187.3692614770459,0.021956087824351298,0.005988023952095809,Female
37.08467741935484,14816.838709677419,7.966532258064516,2.407258064516129,2001.75,0.9919354838709677,64.52620967741936,209.05443548387098,0.014112903225806451,0.004032258064516129,Male
64.57142857142857,15641.548387096775,5.541705069124424,3.7580645161290325,2181.8709677419356,0.03456221198156682,73.06912442396313,249.2004608294931,0.02534562211981567,0.004608294930875576,Male
34.98817567567568,5679.864864864865,7.948986486486487,1.9464527027027025,3146.7449324324325,0.0,82.6891891891892,194.28885135135135,0.02364864864864865,0.0033783783783783786,Male
38.78089887640449,8681.078651685393,6.624157303370787,3.6636704119850187,2613.4513108614233,0.99812734082397,78.47003745318352,259.84082397003743,0.003745318352059925,0.00749063670411985,Male
32.96531791907515,5704.094412331407,5.163198458574181,3.331984585741811,2008.0674373795762,0.011560693641618497,82.28516377649326,193.21772639691716,0.038535645472061654,0.0019267822736030828,Female
62.05804311774461,13775.248756218905,5.625207296849088,2.5960199004975126,2784.1210613598673,1.0,81.85737976782752,212.09784411276948,1.0,0.008291873963515755,Male
44.66949152542373,6532.224576271186,5.757203389830509,2.0059322033898304,2411.9533898305085,0.019067796610169493,66.3792372881356,212.87923728813558,0.9957627118644068,0.019067796610169493,Female
41.871224165341815,14355.737678855327,7.827503974562798,3.6941176470588233,2093.0,0.001589825119236884,67.44674085850556,244.33386327503973,0.017488076311605722,0.001589825119236884,Male
51.391452991452994,11378.011965811966,4.557094017094017,3.763931623931624,1788.851282051282,0.003418803418803419,84.78290598290599,222.8991452991453,0.005128205128205128,0.003418803418803419,Male
44.98847926267281,11983.55529953917,6.853456221198157,3.2076036866359443,1934.3064516129032,1.0,76.38709677419355,235.73963133640552,0.01152073732718894,1.0,Male
54.847457627118644,14822.76906779661,5.479025423728813,2.782415254237288,2311.4639830508477,0.006355932203389831,64.14830508474576,246.33262711864407,0.00847457627118644,1.0,Male
53.0020964360587,7012.111111111111,6.89517819706499,1.8454926624737944,3265.574423480084,1.0,81.25366876310272,218.0314465408805,0.010482180293501049,1.0,Male
48.97632058287796,9473.353369763207,6.491256830601093,2.6843351548269583,2539.1712204007285,0.0,72.6648451730419,263.8761384335155,0.0,1.0,Female
58.12678571428572,8093.989285714286,5.0808928571428575,2.8975,2035.425,0.025,86.98035714285714,258.0892857142857,0.0125,0.03214285714285714,Male
33.666666666666664,6146.618497109826,7.970327552986514,1.873025048169557,1921.4624277456646,0.08285163776493257,85.69942196531792,226.9344894026975,0.023121387283236993,0.005780346820809248,Male
42.14821428571429,6805.191071428571,7.700892857142857,3.840535714285714,2460.5285714285715,0.0,85.05,266.94107142857143,0.007142857142857143,0.010714285714285714,Female
39.86762075134168,5678.157423971377,6.827549194991056,2.4110912343470483,2565.109123434705,1.0,75.2468694096601,238.29695885509838,1.0,0.007155635062611807,Male
37.75213675213675,6664.747863247863,6.949145299145298,3.6444444444444444,2082.4893162393164,0.9957264957264957,67.97222222222223,266.0106837606838,0.049145299145299144,0.002136752136752137,Female
53.723270440251575,7236.626834381552,7.918238993710692,2.468972746331237,2824.2033542976937,0.041928721174004195,62.9895178197065,191.57651991614256,0.010482180293501049,0.008385744234800839,Male
60.51730769230769,11667.86923076923,6.053846153846154,1.6686538461538463,1978.128846153846,0.007692307692307693,84.21346153846154,188.26346153846154,0.0057692307692307696,0.009615384615384616,Female
37.01658767772512,14088.789099526066,8.310189573459716,3.462559241706161,2204.1635071090045,0.035545023696682464,77.89573459715639,251.72748815165878,0.04028436018957346,0.0071090047393364926,Male
48.895384615384614,6056.972307692307,4.840307692307692,2.392,2880.2953846153846,0.9815384615384616,79.43076923076923,226.6276923076923,0.9938461538461538,0.08,Male
34.85895117540687,8228.367088607594,5.463833634719711,3.329475587703436,1990.996383363472,0.0216998191681736,71.00723327305606,209.4755877034358,0.023508137432188065,0.014466546112115732,Female
42.972972972972975,6583.9034749034745,7.300772200772201,3.491505791505791,2137.515444015444,1.0,81.70270270270271,193.22393822393823,0.1138996138996139,0.03088803088803089,Female
44.94843462246777,14951.355432780847,6.10073664825046,1.660220994475138,2867.0092081031307,0.009208103130755065,86.65745856353591,204.12338858195213,1.0,0.0055248618784530384,Male
46.53914590747331,10818.03202846975,6.522241992882562,2.5448398576512457,2764.5782918149466,0.0017793594306049821,81.43772241992883,193.12989323843416,0.0,1.0,Male
54.60208333333333,15292.78125,8.113958333333333,1.8431250000000001,3241.1916666666666,0.9979166666666667,65.18125,200.31458333333333,0.0125,0.010416666666666666,Female
61.74304068522484,6100.51391862955,6.54796573875803,3.076017130620985,1777.4346895074946,0.032119914346895075,71.05139186295503,236.02141327623127,0.006423982869379015,1.0,Female
36.414027149321264,6641.171945701358,4.9343891402714934,1.9461538461538463,1944.8755656108597,0.997737556561086,66.45927601809954,226.5452488687783,0.13800904977375567,0.02262443438914027,Female
33.371428571428574,7199.521428571428,4.591964285714286,1.6475,2058.8714285714286,0.0,64.95535714285714,239.7642857142857,0.0125,0.008928571428571428,Male
40.6,6164.121568627451,4.996078431372549,3.0647058823529414,1947.2,0.0058823529411764705,65.1843137254902,249.43333333333334,0.00196078431372549,0.01764705882352941,Female
53.59447004608295,12999.813364055299,8.264516129032259,2.9285714285714284,3141.695852534562,0.9953917050691244,76.78801843317973,241.926267281106,0.002304147465437788,0.01152073732718894,Male
34.13780918727915,7503.881625441696,5.1982332155477025,3.782862190812721,3093.3144876325086,0.014134275618374558,67.31802120141343,256.46466431095405,0.026501766784452298,0.0088339222614841,Male
63.120315581854044,7133.2682445759365,8.096252465483236,3.5808678500986195,1907.7100591715975,0.03353057199211045,86.7120315581854,194.59368836291912,0.015779092702169626,0.0,Male
45.27221172022684,7091.296786389414,8.079206049149338,3.5262759924385634,2573.6540642722116,0.02835538752362949,81.97164461247637,253.15879017013233,0.994328922495274,0.011342155009451797,Female
42.91130820399113,8545.08647450111,6.710199556541021,2.6853658536585363,3022.951219512195,0.004434589800443459,87.1840354767184,242.64966740576497,0.9977827050997783,0.0022172949002217295,Female
53.222,14593.026,6.969600000000001,3.4362,2505.356,0.002,67.26,217.824,1.0,0.0,Female
47.88648648648649,10650.889189189189,6.667837837837838,2.68527027027027,2620.9067567567567,0.27837837837837837,75.05945945945946,228.57837837837837,1.0,1.0,Female
41.717724288840266,10758.625820568928,4.639606126914662,3.8457330415754925,2157.019693654267,0.03282275711159737,75.48140043763676,195.4835886214442,0.019693654266958426,1.0,Female
50.166666666666664,7546.9375,7.2377314814814815,2.9136574074074075,3257.497685185185,0.034722222222222224,67.31481481481481,258.05324074074076,0.020833333333333332,0.013888888888888888,Male
60.50580046403712,7368.958236658933,5.025058004640371,3.6675174013921117,2238.6241299303942,0.05336426914153132,69.99303944315545,256.7772621809745,1.0,0.009280742459396751,Female
34.984282907662084,7296.4007858546165,5.305697445972495,1.8591355599214145,3234.948919449902,0.07072691552062868,65.62278978388998,195.3222003929273,0.9921414538310412,0.0137524557956778,Female
32.92484342379958,6396.37369519833,7.079123173277662,2.2622129436325675,3089.972860125261,0.014613778705636743,75.7160751565762,226.4070981210856,0.04175365344467641,1.0,Female
56.693009118541035,12810.27963525836,4.6635258358662615,1.9996960486322188,3373.565349544073,0.9848024316109423,80.97568389057751,211.24924012158056,0.0182370820668693,0.0182370820668693,Female
35.85587583148559,12587.543237250555,5.499113082039911,2.617738359201774,2138.911308203991,0.013303769401330377,78.58758314855876,235.19068736141907,0.9866962305986696,1.0,Male
58.66008771929825,6961.440789473684,7.748026315789473,1.9758771929824561,3304.3618421052633,0.013157894736842105,83.1359649122807,189.8311403508772,0.02850877192982456,0.021929824561403508,Female
62.88308977035491,7187.759916492693,5.30062630480167,3.2150313152400836,2120.695198329854,0.9958246346555324,71.84133611691023,231.66388308977037,0.029227557411273485,0.012526096033402923,Male
48.283975659229206,9629.908722109534,7.901014198782961,1.7342799188640974,2230.350912778905,0.02434077079107505,87.08113590263692,211.51115618661257,1.0,0.018255578093306288,Female
33.441651705565526,10592.362657091562,7.779712746858169,3.827289048473968,3043.3482944344705,0.00718132854578097,72.5673249551167,209.17773788150808,0.9892280071813285,0.02154398563734291,Male
46.56934306569343,10389.49197080292,6.753430656934307,2.783795620437956,2565.9649635036494,0.2686131386861314,74.56642335766423,225.54160583941606,1.0,1.0,Male
39.394299287410924,15300.750593824228,6.266508313539192,3.3522565320665083,2952.964370546318,0.011876484560570071,63.033254156769594,198.42755344418052,0.03800475059382423,1.0,Male
48.2552783109405,15182.514395393475,7.110940499040307,2.856046065259117,2914.5297504798464,0.009596928982725527,65.90403071017275,260.084452975048,0.9961612284069098,0.0019193857965451055,Female
33.99404761904762,9663.698412698413,7.75813492063492,3.582738095238095,3295.660714285714,0.03373015873015873,63.51190476190476,263.9325396825397,0.01984126984126984,0.02976190476190476,Female
63.02663934426229,5953.1557377049185,4.945081967213114,3.2586065573770493,2976.47131147541,0.018442622950819672,63.33811475409836,250.2622950819672,0.004098360655737705,0.0020491803278688526,Female
48.29368029739777,6875.0074349442375,5.12360594795539,3.864126394052045,3024.224907063197,0.0055762081784386614,60.99256505576208,196.35130111524163,0.03345724907063197,0.0,Male
32.73804573804574,8466.091476091477,4.827027027027027,1.5095634095634096,2600.257796257796,0.9958419958419958,77.27858627858627,229.0810810810811,0.04573804573804574,0.018711018711018712,Male
42.97292418772563,7100.935018050542,7.127436823104693,2.5653429602888087,2626.2382671480145,1.0,74.88267148014441,210.6317689530686,0.0036101083032490976,1.0,Female
47.6875,11671.974264705883,6.764154411764705,2.7540441176470587,2549.189338235294,1.0,73.74816176470588,225.65441176470588,1.0,0.0,Female
37.71266968325792,8965.880090497738,5.709954751131222,3.4581447963800906,2721.841628959276,0.011312217194570135,74.04524886877829,250.15384615384616,0.9841628959276018,1.0,Male
49.30753564154786,9131.678207739307,4.971894093686354,2.1786150712830956,1895.7678207739307,0.02240325865580448,77.91242362525458,239.83299389002036,0.018329938900203666,1.0,Male
44.78031634446397,11519.601054481547,4.643057996485061,2.7629173989455182,2056.659050966608,0.008787346221441126,72.37785588752197,221.80140597539543,1.0,0.0017574692442882249,Male
34.05820105820106,13733.805996472664,6.583774250440917,1.835978835978836,3113.5343915343915,0.008818342151675485,62.08641975308642,208.4726631393298,0.021164021164021163,0.0,Male
64.18783542039355,7392.148479427549,8.110196779964223,1.9677996422182469,2413.61717352415,0.03041144901610018,77.1520572450805,195.32915921288014,0.9964221824686941,0.0035778175313059034,Male
49.266949152542374,5378.292372881356,5.009957627118644,2.7533898305084743,3206.8792372881358,0.019067796610169493,64.73728813559322,201.0699152542373,0.019067796610169493,1.0,Male
41.08315098468271,9668.021881838074,4.846608315098469,3.671334792122538,3269.835886214442,0.00437636761487965,70.95185995623632,233.89715536105032,0.03282275711159737,0.0175054704595186,Female
46.51173708920188,12858.739436619719,7.18169014084507,2.897652582159625,2403.931924882629,1.0,72.36619718309859,229.52347417840375,1.0,0.0,Male
40.77732793522267,13460.48987854251,4.8212550607287445,1.8386639676113359,3220.9210526315787,0.038461538461538464,85.95141700404858,260.7348178137652,0.032388663967611336,0.008097165991902834,Female
58.4712389380531,12216.0,6.813274336283186,3.861283185840708,2824.1991150442477,0.046460176991150445,82.62389380530973,200.4203539823009,0.02654867256637168,1.0,Male
58.38228941684665,14396.153347732181,5.6995680345572355,2.966306695464363,2590.460043196544,1.0,70.63066954643628,233.9244060475162,0.07127429805615551,1.0,Male
61.95029821073559,13363.660039761431,7.306560636182902,3.8827037773359843,3295.5606361829027,0.0,83.04771371769384,264.44532803180914,0.013916500994035786,0.003976143141153081,Female
57.85018050541516,11444.45667870036,7.278700361010831,3.1935018050541517,2000.5270758122745,0.9981949458483754,75.56498194945848,199.70938628158845,1.0,0.01263537906137184,Female
60.644160583941606,12167.501824817518,7.330109489051095,1.756934306569343,1951.5565693430658,0.009124087591240875,66.53102189781022,190.05474452554745,0.016423357664233577,0.012773722627737226,Male
60.599567099567096,7923.272727272727,5.507575757575758,3.6963203463203462,3069.54329004329,1.0,61.63203463203463,187.37445887445887,0.06060606060606061,0.021645021645021644,Female
43.920245398773005,13139.965235173824,8.323517382413087,3.562576687116564,3086.7770961145193,0.016359918200409,63.558282208588956,191.13496932515338,0.032719836400818,0.012269938650306749,Female
63.68846153846154,12324.253846153846,5.13,3.5538461538461537,2231.876923076923,0.011538461538461539,86.32307692307693,190.93269230769232,0.013461538461538462,0.015384615384615385,Female
37.568738229755176,7697.553672316384,7.648587570621469,2.1566854990583804,2162.6346516007534,0.0018832391713747645,63.63841807909605,243.14124293785312,1.0,0.013182674199623353,Male
59.55037313432836,14164.882462686568,5.911567164179104,3.6598880597014927,2081.305970149254,0.03171641791044776,75.7481343283582,247.4179104477612,0.9981343283582089,0.016791044776119403,Male
37.90708661417323,13943.634645669292,7.579842519685039,2.306771653543307,2670.2377952755905,1.0,68.46771653543307,201.23307086614173,1.0,0.014173228346456693,Male
37.48913043478261,9659.54347826087,5.0936956521739125,3.625652173913043,2053.313043478261,1.0,84.87391304347825,205.01521739130436,0.030434782608695653,0.0,Male
38.22377622377623,7357.846153846154,5.138927738927738,3.1792540792540795,2247.6083916083917,0.9766899766899767,76.86713286713287,198.44522144522145,0.07925407925407925,1.0,Female
55.110416666666666,12015.1625,7.585416666666666,3.9404166666666667,3119.9875,0.035416666666666666,82.55416666666666,199.07291666666666,0.022916666666666665,1.0,Female
61.449893390191896,14519.778251599148,5.354797441364606,2.733901918976546,2406.1641791044776,1.0,74.9360341151386,192.56076759061833,0.019189765458422176,0.008528784648187633,Male
62.53816046966732,14458.667318982387,7.6876712328767125,3.20665362035225,2047.5929549902153,0.9980430528375733,85.0880626223092,245.7279843444227,0.03718199608610567,0.0136986301369863,Female
59.301587301587304,9041.072310405643,8.220634920634922,1.718694885361552,1984.8253968253969,0.015873015873015872,62.876543209876544,253.7089947089947,0.014109347442680775,0.008818342151675485,Male
50.76639344262295,14341.493852459016,6.288114754098361,1.7446721311475408,2053.6065573770493,0.0,75.15573770491804,216.0922131147541,0.010245901639344262,0.0020491803278688526,Female
49.95477386934673,12384.168341708542,7.749246231155778,3.718341708542714,3131.2261306532664,0.9974874371859297,66.98994974874371,190.9824120603015,0.05527638190954774,0.9899497487437185,Female
48.14306569343066,10435.734306569344,6.3337226277372265,2.6705109489051093,2816.502189781022,1.0,70.65109489051095,231.62189781021897,1.0,1.0,Male
53.74596774193548,5558.477822580645,5.409072580645161,2.801008064516129,2305.3951612903224,0.012096774193548387,71.59072580645162,214.7641129032258,1.0,1.0,Female
35.93650793650794,10532.920634920634,5.938095238095237,2.5494708994708994,2218.9603174603176,0.9973544973544973,70.35185185185185,195.55820105820106,0.0026455026455026454,0.013227513227513227,Male
35.282732447817835,15520.990512333965,8.015939278937381,3.5240986717267555,2666.100569259962,0.0056925996204933585,87.22770398481974,203.60531309297912,0.0018975332068311196,0.007590132827324478,Female
63.433712121212125,6684.513257575758,6.472727272727273,3.665340909090909,2561.1022727272725,0.020833333333333332,81.63257575757575,200.7689393939394,0.9981060606060606,0.011363636363636364,Female
59.99007444168735,13871.838709677419,4.957568238213399,1.9699751861042183,2194.821339950372,0.01488833746898263,81.09677419354838,211.22332506203475,0.9900744416873449,0.01240694789081886,Male
49.25524475524475,10463.676573426574,6.38986013986014,2.8246503496503497,2544.4353146853146,0.0017482517482517483,70.33916083916084,256.2604895104895,0.0,1.0,Male
39.087755102040816,12434.85306122449,5.225714285714285,2.45734693877551,3138.565306122449,0.03469387755102041,84.10816326530612,205.9142857142857,0.036734693877551024,0.006122448979591836,Male
39.916824196597354,14996.389413988658,4.829867674858223,2.164461247637051,3074.1058601134214,0.022684310018903593,78.96786389413988,184.20415879017014,0.026465028355387523,0.001890359168241966,Male
63.68913043478261,12094.65,5.372391304347826,2.6134782608695653,2510.563043478261,1.0,69.71521739130435,202.09565217391304,0.017391304347826087,1.0,Male
35.57644628099174,14805.520661157025,5.06301652892562,1.6528925619834711,1904.1942148760331,0.014462809917355372,65.34710743801652,241.01239669421489,0.047520661157024795,0.006198347107438017,Female
38.75443786982248,13595.420118343196,6.636094674556213,2.1896449704142014,2149.9792899408285,1.0,79.06213017751479,256.68639053254435,0.0029585798816568047,0.05621301775147929,Female
59.765784114052956,7500.3380855397145,6.189816700610997,2.4537678207739306,3212.847250509165,0.002036659877800407,82.27087576374745,204.64765784114053,0.024439918533604887,0.010183299389002037,Female
33.039045553145336,8358.127982646422,7.87939262472885,3.9676789587852492,2044.123644251627,0.006507592190889371,77.25596529284165,212.52711496746204,0.026030368763557483,0.9978308026030369,Male
39.02850877192982,14354.453947368422,7.880043859649123,3.0515350877192984,2228.0504385964914,0.07017543859649122,77.8201754385965,191.71491228070175,0.993421052631579,0.9978070175438597,Female
53.983122362869196,5455.274261603376,7.140084388185654,3.2679324894514767,2633.5105485232066,1.0,74.27637130801688,259.1033755274262,0.046413502109704644,1.0,Female
39.721100917431194,13548.866055045872,5.647155963302752,1.8946788990825687,3276.9339449541285,0.01834862385321101,87.44770642201834,243.14495412844036,0.009174311926605505,0.0,Female
62.291280148423006,6680.460111317254,8.012801484230055,3.82708719851577,2039.730983302412,0.03339517625231911,65.6103896103896,203.02597402597402,0.0074211502782931356,0.011131725417439703,Female
38.556,13994.04,5.4126,3.5732,1888.538,0.014,65.736,260.25,0.034,0.012,Female
53.23938879456706,6911.123938879457,5.976400679117147,3.6475382003395587,2178.6485568760613,0.9966044142614601,71.893039049236,237.28522920203736,1.0,0.003395585738539898,Male
40.07116788321168,15416.052919708029,6.9791970802919705,1.5527372262773722,1959.2481751824816,0.0072992700729927005,85.74270072992701,196.42700729927006,0.0018248175182481751,0.01824817518248175,Male
60.804642166344294,10754.303675048355,5.525918762088975,3.7638297872340427,3259.8394584139264,1.0,84.99226305609284,251.6266924564797,0.03481624758220503,0.005802707930367505,Female
41.103950103950105,8946.825363825365,5.127858627858628,1.9602910602910602,2444.035343035343,0.02494802494802495,82.6964656964657,185.14137214137213,0.004158004158004158,0.006237006237006237,Female
36.55642023346304,6683.906614785992,4.949805447470816,2.7426070038910506,2669.8346303501944,0.04085603112840467,70.284046692607,255.73540856031127,1.0,0.011673151750972763,Female
39.88257575757576,6574.863636363636,5.09280303030303,3.263068181818182,3346.378787878788,0.005681818181818182,86.91477272727273,257.66477272727275,0.045454545454545456,0.013257575757575758,Male
41.63755458515284,5847.109170305677,7.918558951965065,2.027292576419214,2162.626637554585,0.004366812227074236,74.39519650655022,214.26855895196508,0.034934497816593885,1.0,Female
53.224264705882355,14768.94669117647,5.459742647058824,1.946875,3224.485294117647,0.007352941176470588,61.8639705882353,206.44669117647058,0.029411764705882353,0.007352941176470588,Female
37.611607142857146,8830.776785714286,7.419419642857143,2.3207589285714287,3322.515625,0.07142857142857142,72.10044642857143,221.390625,0.9977678571428571,1.0,Female
39.31494661921708,12379.0871886121,8.090569395017793,3.5117437722419926,2412.7864768683276,0.0,86.47330960854093,264.87900355871886,0.03558718861209965,0.010676156583629894,Male
49.198019801980195,12843.724752475247,6.594257425742574,2.9366336633663366,3060.8811881188117,0.998019801980198,64.63366336633663,246.46534653465346,1.0,0.007920792079207921,Female
35.10766423357664,13495.928832116788,4.988503649635036,3.727189781021898,2924.381386861314,0.04927007299270073,84.31751824817518,196.4087591240876,0.021897810218978103,0.014598540145985401,Male
61.108481262327416,13238.923076923076,7.351676528599606,2.0976331360946747,2201.9605522682446,0.9901380670611439,88.28402366863905,243.99013806706114,0.08875739644970414,0.011834319526627219,Male
62.58350515463918,6996.6762886597935,8.088247422680412,1.7435051546391753,3174.8391752577318,0.018556701030927835,82.61855670103093,241.6041237113402,0.006185567010309278,0.0,Female
60.031007751937985,14285.366279069767,7.2841085271317825,2.134302325581395,2640.2906976744184,0.007751937984496124,61.748062015503876,192.0581395348837,0.025193798449612403,1.0,Female
57.21040189125296,6526.413711583924,6.209692671394799,1.6695035460992909,2143.3640661938534,0.04964539007092199,81.7872340425532,255.20567375886526,0.0425531914893617,0.01182033096926714,Male
46.862637362637365,12999.382783882784,4.831684981684981,1.766849816849817,3050.3113553113553,0.9945054945054945,65.98717948717949,253.8937728937729,0.031135531135531136,0.014652014652014652,Male
53.765957446808514,11988.021276595744,5.527051671732523,3.197568389057751,2022.598784194529,0.9696048632218845,67.0273556231003,239.0243161094225,0.030395136778115502,0.02735562310030395,Female
45.55102040816327,8227.052721088436,5.925170068027211,3.9384353741496603,2528.2312925170068,0.0,74.83333333333333,218.7704081632653,1.0,0.0,Male
62.57884972170687,13668.445269016698,8.08682745825603,3.7654916512059367,3224.0408163265306,0.029684601113172542,82.74025974025975,192.9016697588126,0.00927643784786642,0.0074211502782931356,Male
52.50761421319797,6911.104060913705,7.643401015228426,1.6289340101522842,2058.187817258883,0.017766497461928935,82.18781725888324,191.46446700507613,0.03553299492385787,1.0,Male
61.618473895582326,11953.909638554216,7.919879518072289,2.3767068273092367,3196.6686746987953,0.02610441767068273,65.29116465863454,208.4578313253012,0.9979919678714859,0.012048192771084338,Female
38.848993288590606,6136.932885906041,7.6251677852349,1.633221476510067,2349.6744966442952,0.9026845637583892,86.45302013422818,212.93288590604027,0.03691275167785235,0.003355704697986577,Female
59.498795180722894,11148.819277108434,6.1650602409638555,1.8387951807228917,2971.142168674699,0.03132530120481928,83.44096385542169,186.85060240963855,1.0,1.0,Male
55.49905838041431,15745.453860640302,4.712994350282486,3.965913370998117,2200.1826741996233,0.0018832391713747645,68.55367231638418,207.74011299435028,0.01694915254237288,0.007532956685499058,Female
57.601609657947684,13804.490945674044,7.245472837022133,1.7981891348088532,3142.9557344064388,0.012072434607645875,81.77464788732394,240.88732394366198,0.01006036217303823,1.0,Male
63.735729386892174,6171.194503171248,8.039323467230444,1.5420718816067653,3016.5327695560254,0.9936575052854123,63.63213530655391,263.27906976744185,0.021141649048625793,0.019027484143763214,Female
60.38779527559055,14385.307086614173,5.742322834645669,1.5982283464566929,2464.0787401574803,0.01968503937007874,84.68503937007874,243.76377952755905,1.0,0.023622047244094488,Female
32.28691983122363,14374.337552742616,6.655063291139241,3.1662447257383963,1872.5443037974683,0.029535864978902954,75.86708860759494,187.19620253164558,0.9978902953586498,0.006329113924050633,Female
59.953252032520325,11585.794715447155,5.240040650406504,1.6441056910569105,2469.4024390243903,0.9979674796747967,86.1951219512195,187.2439024390244,0.022357723577235773,0.0020325203252032522,Female
62.84449244060475,12516.663066954643,5.045140388768899,2.1958963282937365,1895.524838012959,0.9978401727861771,65.74082073434126,239.89200863930884,0.04535637149028078,0.008639308855291577,Female
60.653225806451616,6542.070564516129,4.882459677419354,3.8118951612903227,3224.2137096774195,0.016129032258064516,77.4375,197.5040322580645,0.06048387096774194,0.006048387096774193,Female
41.68421052631579,14784.247807017544,4.593201754385965,1.8346491228070176,2507.4122807017543,0.02631578947368421,81.8048245614035,204.16666666666666,0.043859649122807015,1.0,Female
39.74349442379182,11278.438661710037,7.590892193308551,3.9343866171003716,2182.546468401487,0.00929368029739777,61.89219330855018,182.2007434944238,0.01858736059479554,0.0037174721189591076,Male
44.856521739130436,14817.295652173912,7.70304347826087,2.2671739130434783,2247.810869565217,1.0,72.60434782608695,222.79565217391306,0.02608695652173913,1.0,Female
60.71047619047619,6055.4228571428575,5.965904761904762,1.751047619047619,2019.0704761904763,0.013333333333333334,84.64761904761905,260.9447619047619,0.013333333333333334,0.0038095238095238095,Female
45.59662288930581,7718.855534709193,6.128330206378987,3.6112570356472795,3110.923076923077,1.0,65.06941838649156,191.88367729831145,0.0450281425891182,0.001876172607879925,Male
58.22766570605187,10854.037463976945,7.5328530259366,3.489913544668588,2346.5389048991356,1.0,68.63688760806916,191.76945244956772,0.0345821325648415,0.020172910662824207,Female
55.56769596199525,8994.099762470309,5.324940617577197,3.2142517814726843,2519.0736342042755,0.995249406175772,74.14726840855107,211.6769596199525,0.014251781472684086,0.0023752969121140144,Male
